Company,Domain,Industry,Size,State,Email check,Final Opener
Upcision,upcision.com,Advertising Services,11-50 employees,Florida,valid,Upcision serves clients ranging from SMBs to Fortune 500 enterprises across several B2B sectors.
Refine Labs,refinelabs.com,Advertising Services,11-50 employees,Massachusetts,valid,Refine Labs has helped 300+ B2B tech companies since 2019.
Pixel Penguin Media,pixelpenguinmedia.com,Advertising Services,11-50 employees,Texas,valid,Pixel Penguin Media says its work helps generate over $102M in annual revenue for clients.
Invesp,invespcro.com,Advertising Services,11-50 employees,Illinois,valid,Invesp was founded in 2006.
Bellweather Agency,bellweather.agency,Advertising Services,11-50 employees,New York,valid,"Bellweather helps nonprofit, healthcare, and travel brands thrive by expanding and diversifying their audiences."
Big Life Marketing,biglifemarketing.com,Advertising Services,11-50 employees,Wyoming,valid,"Big Life Marketing combines ad management, creative production, funnel design, and analytics under one roof."
Sia/Ready Set Rocket,readysetrocket.com,Advertising Services,11-50 employees,New York,valid,"Ready Set Rocket has blended data, design, and media since its 2009 founding."
HangarFour Creative,dkcnews.com,Advertising Services,11-50 employees,New York,valid,HangarFour’s L’Oréal influencer program generated 73.7 million engagements.
BlueTuskr,bluetuskr.com,Marketing Services,11-50 employees,Pennsylvania,valid,I noticed BlueTuskr offers online sellers a comprehensive suite of tailored marketing services.
Elevated Third,elevatedthird.com,Advertising Services,11-50 employees,Colorado,valid,Third builds Drupal-powered B2B marketing ecosystems and offers demand-generation strategy.